,price,date
2015-02-10,28.75,2015-02-10
2015-02-11,26.44,2015-02-11
2015-02-12,25.8,2015-02-12
2015-02-13,23.41,2015-02-13
2015-02-14,23.41,2015-02-13
2015-02-15,23.41,2015-02-13
2015-02-16,23.71,2015-02-16
2015-02-17,24.3,2015-02-17
2015-02-18,24.3,2015-02-17
2015-02-19,24.3,2015-02-17
2015-02-20,24.3,2015-02-17
2015-02-21,24.3,2015-02-17
2015-02-22,24.3,2015-02-17
2015-02-23,24.3,2015-02-17
2015-02-24,24.3,2015-02-17
2015-02-25,26.33,2015-02-25
2015-02-26,26.1,2015-02-26
2015-02-27,27.04,2015-02-27
2015-02-28,27.04,2015-02-27
2015-03-01,27.04,2015-02-27
2015-03-02,28.05,2015-03-02
2015-03-03,28.45,2015-03-03
2015-03-04,27.68,2015-03-04
2015-03-05,26.67,2015-03-05
2015-03-06,26.47,2015-03-06
2015-03-07,26.47,2015-03-06
2015-03-08,26.47,2015-03-06
2015-03-09,27.22,2015-03-09
2015-03-10,26.22,2015-03-10
2015-03-11,25.86,2015-03-11
2015-03-12,25.93,2015-03-12
2015-03-13,25.01,2015-03-13
2015-03-14,25.01,2015-03-13
2015-03-15,25.01,2015-03-13
2015-03-16,25.14,2015-03-16
2015-03-17,25.25,2015-03-17
2015-03-18,25.14,2015-03-18
2015-03-19,27.3,2015-03-19
2015-03-20,26.47,2015-03-20
2015-03-21,26.47,2015-03-20
2015-03-22,26.47,2015-03-20
2015-03-23,28.76,2015-03-23
2015-03-24,30.67,2015-03-24
2015-03-25,30.16,2015-03-25
2015-03-26,29.06,2015-03-26
2015-03-27,29.28,2015-03-27
2015-03-28,29.28,2015-03-27
2015-03-29,29.28,2015-03-27
2015-03-30,27.87,2015-03-30
2015-03-31,30.09,2015-03-31
2015-04-01,30.36,2015-04-01
2015-04-02,31.77,2015-04-02
2015-04-03,31.17,2015-04-03
2015-04-04,31.17,2015-04-03
2015-04-05,31.17,2015-04-03
2015-04-06,31.17,2015-04-03
2015-04-07,29.51,2015-04-07
2015-04-08,31.98,2015-04-08
2015-04-09,35.06,2015-04-09
2015-04-10,33.41,2015-04-10
2015-04-11,33.41,2015-04-10
2015-04-12,33.41,2015-04-10
2015-04-13,36.86,2015-04-13
2015-04-14,40.15,2015-04-14
2015-04-15,40.13,2015-04-15
2015-04-16,37.36,2015-04-16
2015-04-17,41.57,2015-04-17
2015-04-18,41.57,2015-04-17
2015-04-19,41.57,2015-04-17
2015-04-20,47.75,2015-04-20
2015-04-21,46.9,2015-04-21
2015-04-22,44.28,2015-04-22
2015-04-23,44.72,2015-04-23
2015-04-24,45.65,2015-04-24
2015-04-25,45.65,2015-04-24
2015-04-26,45.65,2015-04-24
2015-04-27,44.88,2015-04-27
2015-04-28,46.59,2015-04-28
2015-04-29,46.61,2015-04-29
2015-04-30,46.55,2015-04-30
2015-05-01,46.55,2015-04-30
2015-05-02,46.55,2015-04-30
2015-05-03,46.55,2015-04-30
2015-05-04,46.13,2015-05-04
2015-05-05,45.46,2015-05-05
2015-05-06,45.55,2015-05-06
2015-05-07,46.78,2015-05-07
2015-05-08,44.97,2015-05-08
2015-05-09,44.97,2015-05-08
2015-05-10,44.97,2015-05-08
2015-05-11,45.78,2015-05-11
2015-05-12,45.97,2015-05-12
2015-05-13,46.03,2015-05-13
2015-05-14,44.96,2015-05-14
2015-05-15,41.44,2015-05-15
2015-05-16,41.44,2015-05-15
2015-05-17,41.44,2015-05-15
2015-05-18,37.48,2015-05-18
2015-05-19,37.28,2015-05-19
2015-05-20,41.52,2015-05-20
2015-05-21,42.05,2015-05-21
2015-05-22,43.01,2015-05-22
2015-05-23,43.01,2015-05-22
2015-05-24,43.01,2015-05-22
2015-05-25,45.8,2015-05-25
2015-05-26,45.81,2015-05-26
2015-05-27,46.91,2015-05-27
2015-05-28,46.63,2015-05-28
2015-05-29,47.29,2015-05-29
2015-05-30,47.29,2015-05-29
2015-05-31,47.29,2015-05-29
2015-06-01,47.22,2015-06-01
2015-06-02,47.61,2015-06-02
2015-06-03,47.9,2015-06-03
2015-06-04,46.57,2015-06-04
2015-06-05,46.6,2015-06-05
2015-06-06,46.6,2015-06-05
2015-06-07,46.6,2015-06-05
2015-06-08,43.66,2015-06-08
2015-06-09,47.55,2015-06-09
2015-06-10,48.07,2015-06-10
2015-06-11,49.74,2015-06-11
2015-06-12,49.76,2015-06-12
2015-06-13,49.76,2015-06-12
2015-06-14,49.76,2015-06-12
2015-06-15,48.06,2015-06-15
2015-06-16,47.27,2015-06-16
2015-06-17,47.31,2015-06-17
2015-06-18,47.08,2015-06-18
2015-06-19,46.9,2015-06-19
2015-06-20,46.9,2015-06-19
2015-06-21,46.9,2015-06-19
2015-06-22,46.9,2015-06-19
2015-06-23,51.17,2015-06-23
2015-06-24,52.05,2015-06-24
2015-06-25,47.42,2015-06-25
2015-06-26,48.08,2015-06-26
2015-06-27,48.08,2015-06-26
2015-06-28,48.08,2015-06-26
2015-06-29,60.09,2015-06-29
2015-06-30,59.21,2015-06-30
2015-07-01,55.91,2015-07-01
2015-07-02,57.54,2015-07-02
2015-07-03,55.15,2015-07-03
2015-07-04,55.15,2015-07-03
2015-07-05,55.15,2015-07-03
2015-07-06,60.08,2015-07-06
2015-07-07,54.84,2015-07-07
2015-07-08,51.7,2015-07-08
2015-07-09,55.34,2015-07-09
2015-07-10,54.02,2015-07-10
2015-07-11,54.02,2015-07-10
2015-07-12,54.02,2015-07-10
2015-07-13,52.96,2015-07-13
2015-07-14,49.31,2015-07-14
2015-07-15,45.06,2015-07-15
2015-07-16,41.63,2015-07-16
2015-07-17,39.33,2015-07-17
2015-07-18,39.33,2015-07-17
2015-07-19,39.33,2015-07-17
2015-07-20,38.73,2015-07-20
2015-07-21,38.79,2015-07-21
2015-07-22,35.26,2015-07-22
2015-07-23,32.98,2015-07-23
2015-07-24,33.09,2015-07-24
2015-07-25,33.09,2015-07-24
2015-07-26,33.09,2015-07-24
2015-07-27,30.41,2015-07-27
2015-07-28,39.52,2015-07-28
2015-07-29,41.79,2015-07-29
2015-07-30,37.43,2015-07-30
2015-07-31,40.17,2015-07-31
2015-08-01,40.17,2015-07-31
2015-08-02,40.17,2015-07-31
2015-08-03,40.45,2015-08-03
2015-08-04,40.02,2015-08-04
2015-08-05,40.26,2015-08-05
2015-08-06,41.51,2015-08-06
2015-08-07,40.79,2015-08-07
2015-08-08,40.79,2015-08-07
2015-08-09,40.79,2015-08-07
2015-08-10,40.75,2015-08-10
2015-08-11,40.18,2015-08-11
2015-08-12,39.83,2015-08-12
2015-08-13,39.61,2015-08-13
2015-08-14,39.65,2015-08-14
2015-08-15,39.65,2015-08-14
2015-08-16,39.65,2015-08-14
2015-08-17,40.06,2015-08-17
2015-08-18,39.07,2015-08-18
2015-08-19,37.42,2015-08-19
2015-08-20,38.03,2015-08-20
2015-08-21,35.2,2015-08-21
2015-08-22,35.2,2015-08-21
2015-08-23,35.2,2015-08-21
2015-08-24,35.61,2015-08-24
2015-08-25,48.34,2015-08-25
2015-08-26,63.79,2015-08-26
2015-08-27,61.14,2015-08-27
2015-08-28,61.16,2015-08-28
2015-08-29,61.16,2015-08-28
2015-08-30,61.16,2015-08-28
2015-08-31,62.28,2015-08-31
2015-09-01,63.33,2015-09-01
2015-09-02,60.88,2015-09-02
2015-09-03,60.88,2015-09-02
2015-09-04,60.88,2015-09-02
2015-09-05,60.88,2015-09-02
2015-09-06,60.88,2015-09-02
2015-09-07,59.49,2015-09-07
2015-09-08,47.98,2015-09-08
2015-09-09,45.63,2015-09-09
2015-09-10,41.78,2015-09-10
2015-09-11,40.86,2015-09-11
2015-09-12,40.86,2015-09-11
2015-09-13,40.86,2015-09-11
2015-09-14,42.35,2015-09-14
2015-09-15,44.63,2015-09-15
2015-09-16,41.34,2015-09-16
2015-09-17,41.06,2015-09-17
2015-09-18,40.19,2015-09-18
2015-09-19,40.19,2015-09-18
2015-09-20,40.19,2015-09-18
2015-09-21,39.81,2015-09-21
2015-09-22,37.17,2015-09-22
2015-09-23,38.93,2015-09-23
2015-09-24,37.63,2015-09-24
2015-09-25,34.91,2015-09-25
2015-09-26,34.91,2015-09-25
2015-09-27,34.91,2015-09-25
2015-09-28,31.93,2015-09-28
2015-09-29,31.1,2015-09-29
2015-09-30,30.65,2015-09-30
2015-10-01,30.65,2015-09-30
2015-10-02,30.65,2015-09-30
2015-10-03,30.65,2015-09-30
2015-10-04,30.65,2015-09-30
2015-10-05,30.65,2015-09-30
2015-10-06,30.65,2015-09-30
2015-10-07,30.65,2015-09-30
2015-10-08,31.7,2015-10-08
2015-10-09,30.07,2015-10-09
2015-10-10,30.07,2015-10-09
2015-10-11,30.07,2015-10-09
2015-10-12,30.07,2015-10-12
2015-10-13,31.95,2015-10-13
2015-10-14,31.71,2015-10-14
2015-10-15,29.66,2015-10-15
2015-10-16,29.26,2015-10-16
2015-10-17,29.26,2015-10-16
2015-10-18,29.26,2015-10-16
2015-10-19,30.34,2015-10-19
2015-10-20,30.99,2015-10-20
2015-10-21,32.76,2015-10-21
2015-10-22,31.8,2015-10-22
2015-10-23,30.64,2015-10-23
2015-10-24,30.64,2015-10-23
2015-10-25,30.64,2015-10-23
2015-10-26,32.39,2015-10-26
2015-10-27,30.86,2015-10-27
2015-10-28,31.72,2015-10-28
2015-10-29,31.76,2015-10-29
2015-10-30,28.96,2015-10-30
2015-10-31,28.96,2015-10-30
2015-11-01,28.96,2015-10-30
2015-11-02,29.84,2015-11-02
2015-11-03,30.01,2015-11-03
2015-11-04,30.25,2015-11-04
2015-11-05,32.16,2015-11-05
2015-11-06,32.45,2015-11-06
2015-11-07,32.45,2015-11-06
2015-11-08,32.45,2015-11-06
2015-11-09,41.93,2015-11-09
2015-11-10,43.1,2015-11-10
2015-11-11,39.62,2015-11-11
2015-11-12,38.7,2015-11-12
2015-11-13,37.74,2015-11-13
2015-11-14,37.74,2015-11-13
2015-11-15,37.74,2015-11-13
2015-11-16,38.37,2015-11-16
2015-11-17,37.72,2015-11-17
2015-11-18,37.03,2015-11-18
2015-11-19,35.99,2015-11-19
2015-11-20,34.04,2015-11-20
2015-11-21,34.04,2015-11-20
2015-11-22,34.04,2015-11-20
2015-11-23,33.22,2015-11-23
2015-11-24,31.83,2015-11-24
2015-11-25,32.28,2015-11-25
2015-11-26,29.7,2015-11-26
2015-11-27,34.58,2015-11-27
2015-11-28,34.58,2015-11-27
2015-11-29,34.58,2015-11-27
2015-11-30,34.53,2015-11-30
2015-12-01,33.73,2015-12-01
2015-12-02,32.45,2015-12-02
2015-12-03,32.53,2015-12-03
2015-12-04,32.49,2015-12-04
2015-12-05,32.49,2015-12-04
2015-12-06,32.49,2015-12-04
2015-12-07,31.6,2015-12-07
2015-12-08,31.46,2015-12-08
2015-12-09,31.12,2015-12-09
2015-12-10,30.86,2015-12-10
2015-12-11,30.77,2015-12-11
2015-12-12,30.77,2015-12-11
2015-12-13,30.77,2015-12-11
2015-12-14,31.09,2015-12-14
2015-12-15,30.47,2015-12-15
2015-12-16,30.28,2015-12-16
2015-12-17,29.27,2015-12-17
2015-12-18,26.08,2015-12-18
2015-12-19,26.08,2015-12-18
2015-12-20,26.08,2015-12-18
2015-12-21,26.61,2015-12-21
2015-12-22,27.69,2015-12-22
2015-12-23,28.04,2015-12-23
2015-12-24,27.19,2015-12-24
2015-12-25,26.28,2015-12-25
2015-12-26,26.28,2015-12-25
2015-12-27,26.28,2015-12-25
2015-12-28,28.13,2015-12-28
2015-12-29,27.28,2015-12-29
2015-12-30,27.46,2015-12-30
2015-12-31,27.95,2015-12-31
2016-01-01,27.95,2015-12-31
2016-01-02,27.95,2015-12-31
2016-01-03,27.95,2015-12-31
2016-01-04,33.44,2016-01-04
2016-01-05,32.18,2016-01-05
2016-01-06,31.51,2016-01-06
2016-01-07,23.33,2016-01-07
2016-01-08,35.22,2016-01-08
2016-01-09,35.22,2016-01-08
2016-01-10,35.22,2016-01-08
2016-01-11,33.81,2016-01-11
2016-01-12,35.91,2016-01-12
2016-01-13,34.72,2016-01-13
2016-01-14,37.8,2016-01-14
2016-01-15,35.49,2016-01-15
2016-01-16,35.49,2016-01-15
2016-01-17,35.49,2016-01-15
2016-01-18,37.24,2016-01-18
2016-01-19,37.35,2016-01-19
2016-01-20,36.81,2016-01-20
2016-01-21,35.12,2016-01-21
2016-01-22,34.87,2016-01-22
2016-01-23,34.87,2016-01-22
2016-01-24,34.87,2016-01-22
2016-01-25,34.74,2016-01-25
2016-01-26,32.02,2016-01-26
2016-01-27,38.46,2016-01-27
2016-01-28,37.67,2016-01-28
2016-01-29,38.95,2016-01-29
2016-01-30,38.95,2016-01-29
2016-01-31,38.95,2016-01-29
2016-02-01,36.37,2016-02-01
2016-02-02,35.14,2016-02-02
2016-02-03,34.8,2016-02-03
2016-02-04,34.52,2016-02-04
2016-02-05,35.38,2016-02-05
2016-02-06,35.38,2016-02-05
2016-02-07,35.38,2016-02-05
2016-02-08,35.38,2016-02-05
2016-02-09,35.38,2016-02-05
2016-02-10,35.38,2016-02-05
2016-02-11,35.38,2016-02-05
2016-02-12,35.38,2016-02-05
2016-02-13,35.38,2016-02-05
2016-02-14,35.38,2016-02-05
2016-02-15,37.39,2016-02-15
2016-02-16,36.65,2016-02-16
2016-02-17,35.5,2016-02-17
2016-02-18,33.79,2016-02-18
2016-02-19,32.22,2016-02-19
2016-02-20,32.22,2016-02-19
2016-02-21,32.22,2016-02-19
2016-02-22,31.44,2016-02-22
2016-02-23,32.38,2016-02-23
2016-02-24,32.48,2016-02-24
2016-02-25,33.85,2016-02-25
2016-02-26,32.53,2016-02-26
2016-02-27,32.53,2016-02-26
2016-02-28,32.53,2016-02-26
2016-02-29,32.63,2016-02-29
2016-03-01,31.51,2016-03-01
2016-03-02,33.15,2016-03-02
2016-03-03,33.12,2016-03-03
2016-03-04,33.01,2016-03-04
2016-03-05,33.01,2016-03-04
2016-03-06,33.01,2016-03-04
2016-03-07,33.82,2016-03-07
2016-03-08,33.42,2016-03-08
2016-03-09,33.47,2016-03-09
2016-03-10,33.64,2016-03-10
2016-03-11,33.64,2016-03-11
2016-03-12,33.64,2016-03-11
2016-03-13,33.64,2016-03-11
2016-03-14,33.28,2016-03-14
2016-03-15,32.64,2016-03-15
2016-03-16,31.89,2016-03-16
2016-03-17,31.25,2016-03-17
2016-03-18,31.16,2016-03-18
2016-03-19,31.16,2016-03-18
2016-03-20,31.16,2016-03-18
2016-03-21,31.56,2016-03-21
2016-03-22,33.11,2016-03-22
2016-03-23,34.04,2016-03-23
2016-03-24,32.9,2016-03-24
2016-03-25,30.98,2016-03-25
2016-03-26,30.98,2016-03-25
2016-03-27,30.98,2016-03-25
2016-03-28,31.1,2016-03-28
2016-03-29,31.21,2016-03-29
2016-03-30,30.87,2016-03-30
2016-03-31,30.96,2016-03-31
2016-04-01,30.5,2016-04-01
2016-04-02,30.5,2016-04-01
2016-04-03,30.5,2016-04-01
2016-04-04,30.5,2016-04-01
2016-04-05,30.19,2016-04-05
2016-04-06,29.96,2016-04-06
2016-04-07,28.8,2016-04-07
2016-04-08,27.66,2016-04-08
2016-04-09,27.66,2016-04-08
2016-04-10,27.66,2016-04-08
2016-04-11,27.63,2016-04-11
2016-04-12,26.65,2016-04-12
2016-04-13,26.5,2016-04-13
2016-04-14,26.06,2016-04-14
2016-04-15,26.05,2016-04-15
2016-04-16,26.05,2016-04-15
2016-04-17,26.05,2016-04-15
2016-04-18,26.19,2016-04-18
2016-04-19,25.49,2016-04-19
2016-04-20,25.62,2016-04-20
2016-04-21,25.05,2016-04-21
2016-04-22,24.52,2016-04-22
2016-04-23,24.52,2016-04-22
2016-04-24,24.52,2016-04-22
2016-04-25,25.16,2016-04-25
2016-04-26,25.53,2016-04-26
2016-04-27,25.47,2016-04-27
2016-04-28,24.4,2016-04-28
2016-04-29,23.58,2016-04-29
2016-04-30,23.58,2016-04-29
2016-05-01,23.58,2016-04-29
2016-05-02,23.58,2016-04-29
2016-05-03,23.41,2016-05-03
2016-05-04,22.86,2016-05-04
2016-05-05,22.53,2016-05-05
2016-05-06,23.49,2016-05-06
2016-05-07,23.49,2016-05-06
2016-05-08,23.49,2016-05-06
2016-05-09,26.11,2016-05-09
2016-05-10,24.89,2016-05-10
2016-05-11,23.47,2016-05-11
2016-05-12,23.45,2016-05-12
2016-05-13,22.79,2016-05-13
2016-05-14,22.79,2016-05-13
2016-05-15,22.79,2016-05-13
2016-05-16,22.5,2016-05-16
2016-05-17,22.03,2016-05-17
2016-05-18,22.13,2016-05-18
2016-05-19,21.42,2016-05-19
2016-05-20,20.54,2016-05-20
2016-05-21,20.54,2016-05-20
2016-05-22,20.54,2016-05-20
2016-05-23,19.82,2016-05-23
2016-05-24,19.64,2016-05-24
2016-05-25,20.28,2016-05-25
2016-05-26,18.9,2016-05-26
2016-05-27,18.37,2016-05-27
2016-05-28,18.37,2016-05-27
2016-05-29,18.37,2016-05-27
2016-05-30,18.57,2016-05-30
2016-05-31,21.51,2016-05-31
2016-06-01,20.86,2016-06-01
2016-06-02,20.69,2016-06-02
2016-06-03,20.79,2016-06-03
2016-06-04,20.79,2016-06-03
2016-06-05,20.79,2016-06-03
2016-06-06,20.88,2016-06-06
2016-06-07,20.67,2016-06-07
2016-06-08,21.01,2016-06-08
2016-06-09,21.01,2016-06-08
2016-06-10,21.01,2016-06-08
2016-06-11,21.01,2016-06-08
2016-06-12,21.01,2016-06-08
2016-06-13,23.06,2016-06-13
2016-06-14,21.88,2016-06-14
2016-06-15,19.7,2016-06-15
2016-06-16,19.34,2016-06-16
2016-06-17,18.49,2016-06-17
2016-06-18,18.49,2016-06-17
2016-06-19,18.49,2016-06-17
2016-06-20,19.33,2016-06-20
2016-06-21,19.24,2016-06-21
2016-06-22,19.84,2016-06-22
2016-06-23,20.34,2016-06-23
2016-06-24,20.71,2016-06-24
2016-06-25,20.71,2016-06-24
2016-06-26,20.71,2016-06-24
2016-06-27,20.43,2016-06-27
2016-06-28,19.67,2016-06-28
2016-06-29,19.23,2016-06-29
2016-06-30,18.58,2016-06-30
2016-07-01,18.21,2016-07-01
2016-07-02,18.21,2016-07-01
2016-07-03,18.21,2016-07-01
2016-07-04,18.27,2016-07-04
2016-07-05,18.64,2016-07-05
2016-07-06,18.65,2016-07-06
2016-07-07,19.3,2016-07-07
2016-07-08,19.3,2016-07-08
2016-07-09,19.3,2016-07-08
2016-07-10,19.3,2016-07-08
2016-07-11,19.0,2016-07-11
2016-07-12,18.91,2016-07-12
2016-07-13,19.69,2016-07-13
2016-07-14,19.49,2016-07-14
2016-07-15,19.55,2016-07-15
2016-07-16,19.55,2016-07-15
2016-07-17,19.55,2016-07-15
2016-07-18,20.31,2016-07-18
2016-07-19,20.4,2016-07-19
2016-07-20,20.22,2016-07-20
2016-07-21,20.27,2016-07-21
2016-07-22,20.0,2016-07-22
2016-07-23,20.0,2016-07-22
2016-07-24,20.0,2016-07-22
2016-07-25,19.87,2016-07-25
2016-07-26,19.46,2016-07-26
2016-07-27,20.32,2016-07-27
2016-07-28,18.89,2016-07-28
2016-07-29,18.75,2016-07-29
2016-07-30,18.75,2016-07-29
2016-07-31,18.75,2016-07-29
2016-08-01,18.76,2016-08-01
2016-08-02,18.29,2016-08-02
2016-08-03,17.84,2016-08-03
2016-08-04,17.45,2016-08-04
2016-08-05,17.11,2016-08-05
2016-08-06,17.11,2016-08-05
2016-08-07,17.11,2016-08-05
2016-08-08,17.01,2016-08-08
2016-08-09,16.64,2016-08-09
2016-08-10,16.65,2016-08-10
2016-08-11,16.8,2016-08-11
2016-08-12,17.69,2016-08-12
2016-08-13,17.69,2016-08-12
2016-08-14,17.69,2016-08-12
2016-08-15,20.19,2016-08-15
2016-08-16,19.36,2016-08-16
2016-08-17,19.34,2016-08-17
2016-08-18,19.48,2016-08-18
2016-08-19,19.45,2016-08-19
2016-08-20,19.45,2016-08-19
2016-08-21,19.45,2016-08-19
2016-08-22,19.73,2016-08-22
2016-08-23,19.42,2016-08-23
2016-08-24,19.47,2016-08-24
2016-08-25,19.71,2016-08-25
2016-08-26,19.6,2016-08-26
2016-08-27,19.6,2016-08-26
2016-08-28,19.6,2016-08-26
2016-08-29,20.12,2016-08-29
2016-08-30,20.1,2016-08-30
2016-08-31,20.47,2016-08-31
2016-09-01,20.53,2016-09-01
2016-09-02,20.38,2016-09-02
2016-09-03,20.38,2016-09-02
2016-09-04,20.38,2016-09-02
2016-09-05,20.34,2016-09-05
2016-09-06,20.14,2016-09-06
2016-09-07,20.12,2016-09-07
2016-09-08,19.66,2016-09-08
2016-09-09,18.6,2016-09-09
2016-09-10,18.6,2016-09-09
2016-09-11,18.6,2016-09-09
2016-09-12,19.31,2016-09-12
2016-09-13,17.55,2016-09-13
2016-09-14,17.63,2016-09-14
2016-09-15,17.63,2016-09-14
2016-09-16,17.63,2016-09-14
2016-09-17,17.63,2016-09-14
2016-09-18,17.63,2016-09-14
2016-09-19,17.45,2016-09-19
2016-09-20,17.06,2016-09-20
2016-09-21,17.35,2016-09-21
2016-09-22,16.26,2016-09-22
2016-09-23,15.81,2016-09-23
2016-09-24,15.81,2016-09-23
2016-09-25,15.81,2016-09-23
2016-09-26,16.3,2016-09-26
2016-09-27,16.5,2016-09-27
2016-09-28,16.59,2016-09-28
2016-09-29,15.44,2016-09-29
2016-09-30,16.31,2016-09-30
2016-10-01,16.31,2016-09-30
2016-10-02,16.31,2016-09-30
2016-10-03,16.31,2016-09-30
2016-10-04,16.31,2016-09-30
2016-10-05,16.31,2016-09-30
2016-10-06,16.31,2016-09-30
2016-10-07,16.31,2016-09-30
2016-10-08,16.31,2016-09-30
2016-10-09,16.31,2016-09-30
2016-10-10,16.78,2016-10-10
2016-10-11,16.13,2016-10-11
2016-10-12,16.08,2016-10-12
2016-10-13,15.78,2016-10-13
2016-10-14,15.21,2016-10-14
2016-10-15,15.21,2016-10-14
2016-10-16,15.21,2016-10-14
2016-10-17,14.88,2016-10-17
2016-10-18,15.24,2016-10-18
2016-10-19,15.64,2016-10-19
2016-10-20,15.19,2016-10-20
2016-10-21,14.97,2016-10-21
2016-10-22,14.97,2016-10-21
2016-10-23,14.97,2016-10-21
2016-10-24,15.91,2016-10-24
2016-10-25,16.14,2016-10-25
2016-10-26,16.37,2016-10-26
2016-10-27,15.97,2016-10-27
2016-10-28,16.11,2016-10-28
2016-10-29,16.11,2016-10-28
2016-10-30,16.11,2016-10-28
2016-10-31,16.11,2016-10-31
2016-11-01,16.35,2016-11-01
2016-11-02,16.68,2016-11-02
2016-11-03,17.74,2016-11-03
2016-11-04,17.86,2016-11-04
2016-11-05,17.86,2016-11-04
2016-11-06,17.86,2016-11-04
2016-11-07,19.01,2016-11-07
2016-11-08,18.59,2016-11-08
2016-11-09,18.37,2016-11-09
2016-11-10,17.03,2016-11-10
2016-11-11,16.27,2016-11-11
2016-11-12,16.27,2016-11-11
2016-11-13,16.27,2016-11-11
2016-11-14,17.0,2016-11-14
2016-11-15,16.92,2016-11-15
2016-11-16,16.6,2016-11-16
2016-11-17,16.24,2016-11-17
2016-11-18,15.87,2016-11-18
2016-11-19,15.87,2016-11-18
2016-11-20,15.87,2016-11-18
2016-11-21,15.65,2016-11-21
2016-11-22,16.14,2016-11-22
2016-11-23,16.35,2016-11-23
2016-11-24,16.13,2016-11-24
2016-11-25,16.03,2016-11-25
2016-11-26,16.03,2016-11-25
2016-11-27,16.03,2016-11-25
2016-11-28,15.62,2016-11-28
2016-11-29,14.86,2016-11-29
2016-11-30,16.39,2016-11-30
2016-12-01,15.83,2016-12-01
2016-12-02,16.22,2016-12-02
2016-12-03,16.22,2016-12-02
2016-12-04,16.22,2016-12-02
2016-12-05,16.32,2016-12-05
2016-12-06,15.67,2016-12-06
2016-12-07,15.15,2016-12-07
2016-12-08,14.15,2016-12-08
2016-12-09,14.55,2016-12-09
2016-12-10,14.55,2016-12-09
2016-12-11,14.55,2016-12-09
2016-12-12,15.44,2016-12-12
2016-12-13,15.43,2016-12-13
2016-12-14,15.85,2016-12-14
2016-12-15,17.17,2016-12-15
2016-12-16,16.48,2016-12-16
2016-12-17,16.48,2016-12-16
2016-12-18,16.48,2016-12-16
2016-12-19,16.97,2016-12-19
2016-12-20,18.42,2016-12-20
2016-12-21,17.38,2016-12-21
2016-12-22,17.66,2016-12-22
2016-12-23,17.51,2016-12-23
2016-12-24,17.51,2016-12-23
2016-12-25,17.51,2016-12-23
2016-12-26,17.63,2016-12-26
2016-12-27,18.41,2016-12-27
2016-12-28,18.28,2016-12-28
2016-12-29,17.34,2016-12-29
2016-12-30,17.22,2016-12-30
2016-12-31,17.22,2016-12-30
2017-01-01,17.22,2016-12-30
2017-01-02,17.22,2016-12-30
2017-01-03,15.86,2017-01-03
2017-01-04,14.74,2017-01-04
2017-01-05,14.73,2017-01-05
2017-01-06,14.49,2017-01-06
2017-01-07,14.49,2017-01-06
2017-01-08,14.49,2017-01-06
2017-01-09,14.12,2017-01-09
2017-01-10,13.83,2017-01-10
2017-01-11,13.78,2017-01-11
2017-01-12,13.79,2017-01-12
2017-01-13,13.29,2017-01-13
2017-01-14,13.29,2017-01-13
2017-01-15,13.29,2017-01-13
2017-01-16,13.34,2017-01-16
2017-01-17,12.32,2017-01-17
2017-01-18,12.07,2017-01-18
2017-01-19,12.08,2017-01-19
2017-01-20,11.7,2017-01-20
2017-01-21,11.7,2017-01-20
2017-01-22,11.7,2017-01-20
2017-01-23,11.66,2017-01-23
2017-01-24,11.63,2017-01-24
2017-01-25,11.43,2017-01-25
2017-01-26,11.32,2017-01-26
2017-01-27,11.32,2017-01-26
2017-01-28,11.32,2017-01-26
2017-01-29,11.32,2017-01-26
2017-01-30,11.32,2017-01-26
2017-01-31,11.32,2017-01-26
2017-02-01,11.32,2017-01-26
2017-02-02,11.32,2017-01-26
2017-02-03,12.43,2017-02-03
2017-02-04,12.43,2017-02-03
2017-02-05,12.43,2017-02-03
2017-02-06,12.51,2017-02-06
2017-02-07,11.92,2017-02-07
2017-02-08,12.78,2017-02-08
2017-02-09,12.63,2017-02-09
2017-02-10,12.44,2017-02-10
2017-02-11,12.44,2017-02-10
2017-02-12,12.44,2017-02-10
2017-02-13,12.04,2017-02-13
2017-02-14,11.37,2017-02-14
2017-02-15,11.1,2017-02-15
2017-02-16,11.19,2017-02-16
2017-02-17,11.64,2017-02-17
2017-02-18,11.64,2017-02-17
2017-02-19,11.64,2017-02-17
2017-02-20,12.05,2017-02-20
2017-02-21,12.29,2017-02-21
2017-02-22,11.87,2017-02-22
2017-02-23,11.06,2017-02-23
2017-02-24,11.24,2017-02-24
2017-02-25,11.24,2017-02-24
2017-02-26,11.24,2017-02-24
2017-02-27,12.1,2017-02-27
2017-02-28,11.94,2017-02-28
2017-03-01,11.72,2017-03-01
2017-03-02,12.03,2017-03-02
2017-03-03,11.34,2017-03-03
2017-03-04,11.34,2017-03-03
2017-03-05,11.34,2017-03-03
2017-03-06,11.79,2017-03-06
2017-03-07,11.6,2017-03-07
2017-03-08,10.82,2017-03-08
2017-03-09,10.57,2017-03-09
2017-03-10,10.29,2017-03-10
2017-03-11,10.29,2017-03-10
2017-03-12,10.29,2017-03-10
2017-03-13,10.63,2017-03-13
2017-03-14,10.78,2017-03-14
2017-03-15,11.49,2017-03-15
2017-03-16,10.34,2017-03-16
2017-03-17,10.12,2017-03-17
2017-03-18,10.12,2017-03-17
2017-03-19,10.12,2017-03-17
2017-03-20,10.1,2017-03-20
2017-03-21,10.11,2017-03-21
2017-03-22,10.1,2017-03-22
2017-03-23,9.45,2017-03-23
2017-03-24,9.43,2017-03-24
2017-03-25,9.43,2017-03-24
2017-03-26,9.43,2017-03-24
2017-03-27,10.25,2017-03-27
2017-03-28,10.35,2017-03-28
2017-03-29,10.04,2017-03-29
2017-03-30,9.93,2017-03-30
2017-03-31,9.65,2017-03-31
2017-04-01,9.65,2017-03-31
2017-04-02,9.65,2017-03-31
2017-04-03,9.65,2017-03-31
2017-04-04,9.65,2017-03-31
2017-04-05,10.07,2017-04-05
2017-04-06,10.09,2017-04-06
2017-04-07,10.05,2017-04-07
2017-04-08,10.05,2017-04-07
2017-04-09,10.05,2017-04-07
2017-04-10,10.12,2017-04-10
2017-04-11,9.98,2017-04-11
2017-04-12,9.97,2017-04-12
2017-04-13,9.99,2017-04-13
2017-04-14,10.42,2017-04-14
2017-04-15,10.42,2017-04-14
2017-04-16,10.42,2017-04-14
2017-04-17,10.25,2017-04-17
2017-04-18,10.31,2017-04-18
2017-04-19,10.67,2017-04-19
2017-04-20,10.19,2017-04-20
2017-04-21,9.72,2017-04-21
2017-04-22,9.72,2017-04-21
2017-04-23,9.72,2017-04-21
2017-04-24,10.07,2017-04-24
2017-04-25,9.67,2017-04-25
2017-04-26,9.29,2017-04-26
2017-04-27,9.1,2017-04-27
2017-04-28,9.13,2017-04-28
2017-04-29,9.13,2017-04-28
2017-04-30,9.13,2017-04-28
2017-05-01,9.13,2017-04-28
2017-05-02,9.09,2017-05-02
2017-05-03,9.06,2017-05-03
2017-05-04,9.0,2017-05-04
2017-05-05,9.29,2017-05-05
2017-05-06,9.29,2017-05-05
2017-05-07,9.29,2017-05-05
2017-05-08,9.25,2017-05-08
2017-05-09,8.84,2017-05-09
2017-05-10,8.38,2017-05-10
2017-05-11,8.31,2017-05-11
2017-05-12,8.75,2017-05-12
2017-05-13,8.75,2017-05-12
2017-05-14,8.75,2017-05-12
2017-05-15,8.87,2017-05-15
2017-05-16,8.67,2017-05-16
2017-05-17,8.56,2017-05-17
2017-05-18,8.49,2017-05-18
2017-05-19,8.64,2017-05-19
2017-05-20,8.64,2017-05-19
2017-05-21,8.64,2017-05-19
2017-05-22,8.47,2017-05-22
2017-05-23,8.59,2017-05-23
2017-05-24,8.7,2017-05-24
2017-05-25,12.35,2017-05-25
2017-05-26,10.88,2017-05-26
2017-05-27,10.88,2017-05-26
2017-05-28,10.88,2017-05-26
2017-05-29,10.88,2017-05-26
2017-05-30,10.88,2017-05-26
2017-05-31,12.03,2017-05-31
2017-06-01,12.12,2017-06-01
2017-06-02,12.9,2017-06-02
2017-06-03,12.9,2017-06-02
2017-06-04,12.9,2017-06-02
2017-06-05,12.46,2017-06-05
2017-06-06,12.48,2017-06-06
2017-06-07,13.83,2017-06-07
2017-06-08,14.23,2017-06-08
2017-06-09,15.09,2017-06-09
2017-06-10,15.09,2017-06-09
2017-06-11,15.09,2017-06-09
2017-06-12,15.45,2017-06-12
2017-06-13,15.09,2017-06-13
2017-06-14,14.49,2017-06-14
2017-06-15,13.9,2017-06-15
2017-06-16,13.28,2017-06-16
2017-06-17,13.28,2017-06-16
2017-06-18,13.28,2017-06-16
2017-06-19,13.69,2017-06-19
2017-06-20,13.99,2017-06-20
2017-06-21,13.37,2017-06-21
2017-06-22,13.61,2017-06-22
2017-06-23,13.9,2017-06-23
2017-06-24,13.9,2017-06-23
2017-06-25,13.9,2017-06-23
2017-06-26,15.38,2017-06-26
2017-06-27,14.86,2017-06-27
2017-06-28,15.04,2017-06-28
2017-06-29,14.47,2017-06-29
2017-06-30,14.4,2017-06-30
2017-07-01,14.4,2017-06-30
2017-07-02,14.4,2017-06-30
2017-07-03,14.07,2017-07-03
2017-07-04,13.3,2017-07-04
2017-07-05,14.22,2017-07-05
2017-07-06,13.82,2017-07-06
2017-07-07,13.88,2017-07-07
2017-07-08,13.88,2017-07-07
2017-07-09,13.88,2017-07-07
2017-07-10,13.9,2017-07-10
2017-07-11,13.73,2017-07-11
2017-07-12,14.78,2017-07-12
2017-07-13,14.78,2017-07-13
2017-07-14,15.76,2017-07-14
2017-07-15,15.76,2017-07-14
2017-07-16,15.76,2017-07-14
2017-07-17,17.35,2017-07-17
2017-07-18,16.92,2017-07-18
2017-07-19,16.99,2017-07-19
2017-07-20,17.2,2017-07-20
2017-07-21,16.15,2017-07-21
2017-07-22,16.15,2017-07-21
2017-07-23,16.15,2017-07-21
2017-07-24,15.71,2017-07-24
2017-07-25,15.38,2017-07-25
2017-07-26,15.93,2017-07-26
2017-07-27,15.88,2017-07-27
2017-07-28,15.57,2017-07-28
2017-07-29,15.57,2017-07-28
2017-07-30,15.57,2017-07-28
2017-07-31,15.75,2017-07-31
2017-08-01,15.06,2017-08-01
2017-08-02,14.82,2017-08-02
2017-08-03,15.27,2017-08-03
2017-08-04,14.94,2017-08-04
2017-08-05,14.94,2017-08-04
2017-08-06,14.94,2017-08-04
2017-08-07,15.37,2017-08-07
2017-08-08,14.99,2017-08-08
2017-08-09,14.25,2017-08-09
2017-08-10,13.68,2017-08-10
2017-08-11,14.6,2017-08-11
2017-08-12,14.6,2017-08-11
2017-08-13,14.6,2017-08-11
2017-08-14,14.27,2017-08-14
2017-08-15,14.0,2017-08-15
2017-08-16,13.92,2017-08-16
2017-08-17,13.69,2017-08-17
2017-08-18,13.46,2017-08-18
2017-08-19,13.46,2017-08-18
2017-08-20,13.46,2017-08-18
2017-08-21,13.1,2017-08-21
2017-08-22,12.46,2017-08-22
2017-08-23,13.11,2017-08-23
2017-08-24,12.78,2017-08-24
2017-08-25,13.83,2017-08-25
2017-08-26,13.83,2017-08-25
2017-08-27,13.83,2017-08-25
2017-08-28,14.32,2017-08-28
2017-08-29,14.94,2017-08-29
2017-08-30,14.67,2017-08-30
2017-08-31,14.59,2017-08-31
2017-09-01,14.5,2017-09-01
2017-09-02,14.5,2017-09-01
2017-09-03,14.5,2017-09-01
2017-09-04,15.01,2017-09-04
2017-09-05,14.99,2017-09-05
2017-09-06,15.22,2017-09-06
2017-09-07,14.71,2017-09-07
2017-09-08,14.46,2017-09-08
2017-09-09,14.46,2017-09-08
2017-09-10,14.46,2017-09-08
2017-09-11,15.11,2017-09-11
2017-09-12,15.17,2017-09-12
2017-09-13,15.31,2017-09-13
2017-09-14,14.06,2017-09-14
2017-09-15,13.62,2017-09-15
2017-09-16,13.62,2017-09-15
2017-09-17,13.62,2017-09-15
2017-09-18,13.7,2017-09-18
2017-09-19,12.94,2017-09-19
2017-09-20,12.81,2017-09-20
2017-09-21,12.75,2017-09-21
2017-09-22,12.59,2017-09-22
2017-09-23,12.59,2017-09-22
2017-09-24,12.59,2017-09-22
2017-09-25,12.82,2017-09-25
2017-09-26,12.73,2017-09-26
2017-09-27,12.31,2017-09-27
2017-09-28,10.53,2017-09-28
2017-09-29,11.12,2017-09-29
2017-09-30,11.12,2017-09-29
2017-10-01,11.12,2017-09-29
2017-10-02,11.12,2017-09-29
2017-10-03,11.12,2017-09-29
2017-10-04,11.12,2017-09-29
2017-10-05,11.12,2017-09-29
2017-10-06,11.12,2017-09-29
2017-10-07,11.12,2017-09-29
2017-10-08,11.12,2017-09-29
2017-10-09,11.58,2017-10-09
2017-10-10,11.64,2017-10-10
2017-10-11,11.06,2017-10-11
2017-10-12,10.68,2017-10-12
2017-10-13,10.66,2017-10-13
2017-10-14,10.66,2017-10-13
2017-10-15,10.66,2017-10-13
2017-10-16,10.55,2017-10-16
2017-10-17,10.66,2017-10-17
2017-10-18,10.26,2017-10-18
2017-10-19,10.46,2017-10-19
2017-10-20,10.46,2017-10-20
2017-10-21,10.46,2017-10-20
2017-10-22,10.46,2017-10-20
2017-10-23,10.33,2017-10-23
2017-10-24,11.59,2017-10-24
2017-10-25,11.35,2017-10-25
2017-10-26,11.16,2017-10-26
2017-10-27,10.72,2017-10-27
2017-10-28,10.72,2017-10-27
2017-10-29,10.72,2017-10-27
2017-10-30,11.59,2017-10-30
2017-10-31,10.93,2017-10-31
2017-11-01,10.62,2017-11-01
2017-11-02,10.57,2017-11-02
2017-11-03,10.41,2017-11-03
2017-11-04,10.41,2017-11-03
2017-11-05,10.41,2017-11-03
2017-11-06,10.67,2017-11-06
2017-11-07,10.41,2017-11-07
2017-11-08,10.76,2017-11-08
2017-11-09,10.86,2017-11-09
2017-11-10,11.43,2017-11-10
2017-11-11,11.43,2017-11-10
2017-11-12,11.43,2017-11-10
2017-11-13,11.52,2017-11-13
2017-11-14,12.21,2017-11-14
2017-11-15,12.31,2017-11-15
2017-11-16,12.03,2017-11-16
2017-11-17,12.65,2017-11-17
2017-11-18,12.65,2017-11-17
2017-11-19,12.65,2017-11-17
2017-11-20,14.56,2017-11-20
2017-11-21,14.54,2017-11-21
2017-11-22,15.36,2017-11-22
2017-11-23,16.1,2017-11-23
2017-11-24,16.92,2017-11-24
2017-11-25,16.92,2017-11-24
2017-11-26,16.92,2017-11-24
2017-11-27,18.02,2017-11-27
2017-11-28,15.06,2017-11-28
2017-11-29,15.68,2017-11-29
2017-11-30,16.8,2017-11-30
2017-12-01,17.99,2017-12-01
2017-12-02,17.99,2017-12-01
2017-12-03,17.99,2017-12-01
2017-12-04,16.03,2017-12-04
2017-12-05,15.33,2017-12-05
2017-12-06,16.24,2017-12-06
2017-12-07,15.75,2017-12-07
2017-12-08,15.03,2017-12-08
2017-12-09,15.03,2017-12-08
2017-12-10,15.03,2017-12-08
2017-12-11,14.68,2017-12-11
2017-12-12,15.24,2017-12-12
2017-12-13,15.15,2017-12-13
2017-12-14,15.0,2017-12-14
2017-12-15,15.18,2017-12-15
2017-12-16,15.18,2017-12-15
2017-12-17,15.18,2017-12-15
2017-12-18,15.35,2017-12-18
2017-12-19,15.12,2017-12-19
2017-12-20,15.31,2017-12-20
2017-12-21,14.76,2017-12-21
2017-12-22,14.69,2017-12-22
2017-12-23,14.69,2017-12-22
2017-12-24,14.69,2017-12-22
2017-12-25,15.32,2017-12-25
2017-12-26,15.13,2017-12-26
2017-12-27,16.79,2017-12-27
2017-12-28,15.51,2017-12-28
2017-12-29,14.27,2017-12-29
2017-12-30,14.27,2017-12-29
2017-12-31,14.27,2017-12-29
2018-01-01,14.27,2017-12-29
2018-01-02,15.03,2018-01-02
2018-01-03,14.81,2018-01-03
2018-01-04,14.67,2018-01-04
2018-01-05,14.45,2018-01-05
2018-01-06,14.45,2018-01-05
2018-01-07,14.45,2018-01-05
2018-01-08,14.81,2018-01-08
2018-01-09,14.27,2018-01-09
2018-01-10,14.64,2018-01-10
2018-01-11,14.95,2018-01-11
2018-01-12,14.32,2018-01-12
2018-01-13,14.32,2018-01-12
2018-01-14,14.32,2018-01-12
2018-01-15,15.46,2018-01-15
2018-01-16,15.99,2018-01-16
2018-01-17,16.9,2018-01-17
2018-01-18,18.89,2018-01-18
2018-01-19,18.88,2018-01-19
2018-01-20,18.88,2018-01-19
2018-01-21,18.88,2018-01-19
2018-01-22,18.88,2018-01-22
2018-01-23,19.28,2018-01-23
2018-01-24,21.04,2018-01-24
2018-01-25,18.78,2018-01-25
2018-01-26,17.11,2018-01-26
2018-01-27,17.11,2018-01-26
2018-01-28,17.11,2018-01-26
2018-01-29,18.49,2018-01-29
2018-01-30,16.08,2018-01-30
2018-01-31,17.15,2018-01-31
2018-02-01,16.79,2018-02-01
2018-02-02,17.03,2018-02-02
2018-02-03,17.03,2018-02-02
2018-02-04,17.03,2018-02-02
2018-02-05,18.55,2018-02-05
2018-02-06,22.2,2018-02-06
2018-02-07,24.06,2018-02-07
2018-02-08,25.67,2018-02-08
2018-02-09,33.06,2018-02-09
2018-02-10,33.06,2018-02-09
2018-02-11,33.06,2018-02-09
2018-02-12,28.19,2018-02-12
2018-02-13,27.53,2018-02-13
2018-02-14,27.32,2018-02-14
2018-02-15,27.32,2018-02-14
2018-02-16,27.32,2018-02-14
2018-02-17,27.32,2018-02-14
2018-02-18,27.32,2018-02-14
2018-02-19,27.32,2018-02-14
2018-02-20,27.32,2018-02-14
2018-02-21,27.32,2018-02-14
2018-02-22,27.32,2018-02-22
2018-02-23,27.32,2018-02-23
2018-02-24,27.32,2018-02-23
2018-02-25,27.32,2018-02-23
2018-02-26,27.32,2018-02-26
2018-02-27,27.32,2018-02-27
2018-02-28,27.32,2018-02-28
2018-03-01,27.32,2018-03-01
2018-03-02,27.32,2018-03-02
2018-03-03,27.32,2018-03-02
2018-03-04,27.32,2018-03-02
2018-03-05,27.32,2018-03-05
2018-03-06,27.32,2018-03-06
2018-03-07,27.32,2018-03-07
2018-03-08,27.32,2018-03-08
2018-03-09,27.32,2018-03-09
2018-03-10,27.32,2018-03-09
2018-03-11,27.32,2018-03-09
2018-03-12,27.32,2018-03-12
2018-03-13,27.32,2018-03-13
2018-03-14,27.32,2018-03-14
2018-03-15,27.32,2018-03-15
2018-03-16,27.32,2018-03-16
2018-03-17,27.32,2018-03-16
2018-03-18,27.32,2018-03-16
2018-03-19,27.32,2018-03-19
2018-03-20,27.32,2018-03-20
2018-03-21,27.32,2018-03-21
2018-03-22,27.32,2018-03-22
2018-03-23,27.32,2018-03-23
2018-03-24,27.32,2018-03-23
2018-03-25,27.32,2018-03-23
2018-03-26,27.32,2018-03-26
2018-03-27,27.32,2018-03-27
2018-03-28,27.32,2018-03-28
2018-03-29,27.32,2018-03-29
2018-03-30,27.32,2018-03-30
2018-03-31,27.32,2018-03-30
2018-04-01,27.32,2018-03-30
2018-04-02,27.32,2018-04-02
2018-04-03,27.32,2018-04-03
2018-04-04,27.32,2018-04-04
2018-04-05,27.32,2018-04-04
2018-04-06,27.32,2018-04-04
2018-04-07,27.32,2018-04-04
2018-04-08,27.32,2018-04-04
2018-04-09,27.32,2018-04-09
2018-04-10,27.32,2018-04-10
2018-04-11,27.32,2018-04-11
2018-04-12,27.32,2018-04-12
2018-04-13,27.32,2018-04-13
2018-04-14,27.32,2018-04-13
2018-04-15,27.32,2018-04-13
2018-04-16,27.32,2018-04-16
2018-04-17,27.32,2018-04-17
2018-04-18,27.32,2018-04-18
2018-04-19,27.32,2018-04-19
2018-04-20,27.32,2018-04-20
2018-04-21,27.32,2018-04-20
2018-04-22,27.32,2018-04-20
2018-04-23,27.32,2018-04-23
2018-04-24,27.32,2018-04-24
2018-04-25,27.32,2018-04-25
2018-04-26,27.32,2018-04-26
2018-04-27,27.32,2018-04-27
2018-04-28,27.32,2018-04-27
2018-04-29,27.32,2018-04-27
2018-04-30,27.32,2018-04-27
2018-05-01,27.32,2018-04-27
2018-05-02,27.32,2018-05-02
2018-05-03,27.32,2018-05-03
2018-05-04,27.32,2018-05-04
2018-05-05,27.32,2018-05-04
2018-05-06,27.32,2018-05-04
2018-05-07,27.32,2018-05-07
2018-05-08,27.32,2018-05-08
2018-05-09,27.32,2018-05-09
2018-05-10,27.32,2018-05-10
2018-05-11,27.32,2018-05-11
2018-05-12,27.32,2018-05-11
2018-05-13,27.32,2018-05-11
2018-05-14,27.32,2018-05-14
2018-05-15,27.32,2018-05-15
2018-05-16,27.32,2018-05-16
2018-05-17,27.32,2018-05-17
2018-05-18,27.32,2018-05-18
2018-05-19,27.32,2018-05-18
2018-05-20,27.32,2018-05-18
2018-05-21,27.32,2018-05-21
2018-05-22,27.32,2018-05-22
2018-05-23,27.32,2018-05-23
2018-05-24,27.32,2018-05-24
2018-05-25,27.32,2018-05-25
2018-05-26,27.32,2018-05-25
2018-05-27,27.32,2018-05-25
2018-05-28,27.32,2018-05-28
2018-05-29,27.32,2018-05-29
2018-05-30,27.32,2018-05-30
2018-05-31,27.32,2018-05-31
2018-06-01,27.32,2018-06-01
2018-06-02,27.32,2018-06-01
2018-06-03,27.32,2018-06-01
2018-06-04,27.32,2018-06-04
2018-06-05,27.32,2018-06-05
2018-06-06,27.32,2018-06-06
2018-06-07,27.32,2018-06-07
2018-06-08,27.32,2018-06-08
2018-06-09,27.32,2018-06-08
2018-06-10,27.32,2018-06-08
2018-06-11,27.32,2018-06-11
2018-06-12,27.32,2018-06-12
2018-06-13,27.32,2018-06-13
2018-06-14,27.32,2018-06-14
2018-06-15,27.32,2018-06-15
2018-06-16,27.32,2018-06-15
2018-06-17,27.32,2018-06-15
2018-06-18,27.32,2018-06-15
2018-06-19,27.32,2018-06-19
2018-06-20,27.32,2018-06-20
2018-06-21,27.32,2018-06-21
2018-06-22,27.32,2018-06-22
2018-06-23,27.32,2018-06-22
2018-06-24,27.32,2018-06-22
2018-06-25,27.32,2018-06-25
2018-06-26,27.32,2018-06-26
2018-06-27,27.32,2018-06-27
2018-06-28,27.32,2018-06-28
2018-06-29,27.32,2018-06-29
2018-06-30,27.32,2018-06-29
2018-07-01,27.32,2018-06-29
2018-07-02,27.32,2018-07-02
2018-07-03,27.32,2018-07-03
2018-07-04,27.32,2018-07-04
2018-07-05,27.32,2018-07-05
2018-07-06,27.32,2018-07-05
2018-07-07,27.32,2018-07-05
2018-07-08,27.32,2018-07-05
2018-07-09,27.32,2018-07-05
2018-07-10,27.32,2018-07-05
2018-07-11,27.32,2018-07-05
2018-07-12,27.32,2018-07-05
2018-07-13,27.32,2018-07-05
2018-07-14,27.32,2018-07-05
2018-07-15,27.32,2018-07-05
2018-07-16,27.32,2018-07-05
2018-07-17,27.32,2018-07-05
2018-07-18,27.32,2018-07-05
2018-07-19,27.32,2018-07-05
2018-07-20,27.32,2018-07-05
2018-07-21,27.32,2018-07-05
2018-07-22,27.32,2018-07-05
2018-07-23,27.32,2018-07-05
2018-07-24,27.32,2018-07-05
2018-07-25,27.32,2018-07-05
2018-07-26,27.32,2018-07-05
2018-07-27,27.32,2018-07-05
2018-07-28,27.32,2018-07-05
2018-07-29,27.32,2018-07-05
2018-07-30,27.32,2018-07-05
2018-07-31,27.32,2018-07-05
2018-08-01,27.32,2018-07-05
2018-08-02,27.32,2018-07-05
2018-08-03,27.32,2018-07-05
2018-08-04,27.32,2018-07-05
2018-08-05,27.32,2018-07-05
2018-08-06,27.32,2018-07-05
2018-08-07,27.32,2018-07-05
2018-08-08,27.32,2018-07-05
2018-08-09,27.32,2018-07-05
2018-08-10,27.32,2018-07-05
2018-08-11,27.32,2018-07-05
2018-08-12,27.32,2018-07-05
2018-08-13,27.32,2018-07-05
2018-08-14,27.32,2018-07-05
2018-08-15,27.32,2018-07-05
2018-08-16,27.32,2018-07-05
2018-08-17,27.32,2018-07-05
2018-08-18,27.32,2018-07-05
2018-08-19,27.32,2018-07-05
2018-08-20,27.32,2018-07-05
2018-08-21,27.32,2018-07-05
2018-08-22,27.32,2018-07-05
2018-08-23,27.32,2018-07-05
2018-08-24,27.32,2018-07-05
2018-08-25,27.32,2018-07-05
2018-08-26,27.32,2018-07-05
2018-08-27,27.32,2018-07-05
2018-08-28,27.32,2018-07-05
2018-08-29,27.32,2018-07-05
2018-08-30,27.32,2018-07-05
2018-08-31,27.32,2018-07-05
2018-09-01,27.32,2018-07-05
2018-09-02,27.32,2018-07-05
2018-09-03,27.32,2018-07-05
2018-09-04,27.32,2018-07-05
2018-09-05,27.32,2018-07-05
2018-09-06,27.32,2018-07-05
2018-09-07,27.32,2018-07-05
2018-09-08,27.32,2018-07-05
2018-09-09,27.32,2018-07-05
2018-09-10,27.32,2018-07-05
2018-09-11,27.32,2018-07-05
2018-09-12,27.32,2018-07-05
2018-09-13,27.32,2018-07-05
2018-09-14,27.32,2018-07-05
2018-09-15,27.32,2018-07-05
2018-09-16,27.32,2018-07-05
2018-09-17,27.32,2018-07-05
2018-09-18,27.32,2018-07-05
2018-09-19,27.32,2018-07-05
2018-09-20,27.32,2018-07-05
2018-09-21,27.32,2018-07-05
2018-09-22,27.32,2018-07-05
2018-09-23,27.32,2018-07-05
2018-09-24,27.32,2018-07-05
2018-09-25,27.32,2018-07-05
2018-09-26,27.32,2018-07-05
2018-09-27,27.32,2018-07-05
2018-09-28,27.32,2018-07-05
2018-09-29,27.32,2018-07-05
2018-09-30,27.32,2018-07-05
2018-10-01,27.32,2018-07-05
2018-10-02,27.32,2018-07-05
2018-10-03,27.32,2018-07-05
2018-10-04,27.32,2018-07-05
2018-10-05,27.32,2018-07-05
2018-10-06,27.32,2018-07-05
2018-10-07,27.32,2018-07-05
2018-10-08,27.32,2018-07-05
2018-10-09,27.32,2018-07-05
2018-10-10,27.32,2018-07-05
2018-10-11,27.32,2018-07-05
2018-10-12,27.32,2018-07-05
2018-10-13,27.32,2018-07-05
2018-10-14,27.32,2018-07-05
2018-10-15,27.32,2018-07-05
2018-10-16,27.32,2018-07-05
2018-10-17,27.32,2018-07-05
2018-10-18,27.32,2018-07-05
2018-10-19,27.32,2018-07-05
2018-10-20,27.32,2018-07-05
2018-10-21,27.32,2018-07-05
2018-10-22,27.32,2018-07-05
2018-10-23,27.32,2018-07-05
2018-10-24,27.32,2018-07-05
2018-10-25,27.32,2018-07-05
2018-10-26,27.32,2018-07-05
2018-10-27,27.32,2018-07-05
2018-10-28,27.32,2018-07-05
2018-10-29,27.32,2018-07-05
2018-10-30,27.32,2018-07-05
2018-10-31,27.32,2018-07-05
2018-11-01,27.32,2018-07-05
2018-11-02,27.32,2018-07-05
2018-11-03,27.32,2018-07-05
2018-11-04,27.32,2018-07-05
2018-11-05,27.32,2018-07-05
2018-11-06,27.32,2018-07-05
2018-11-07,27.32,2018-07-05
2018-11-08,27.32,2018-07-05
2018-11-09,27.32,2018-07-05
2018-11-10,27.32,2018-07-05
2018-11-11,27.32,2018-07-05
2018-11-12,27.32,2018-07-05
2018-11-13,27.32,2018-07-05
2018-11-14,27.32,2018-07-05
2018-11-15,27.32,2018-07-05
2018-11-16,27.32,2018-07-05
2018-11-17,27.32,2018-07-05
2018-11-18,27.32,2018-07-05
2018-11-19,27.32,2018-07-05
2018-11-20,27.32,2018-07-05
2018-11-21,27.32,2018-07-05
2018-11-22,27.32,2018-07-05
2018-11-23,27.32,2018-07-05
2018-11-24,27.32,2018-07-05
2018-11-25,27.32,2018-07-05
2018-11-26,27.32,2018-07-05
2018-11-27,27.32,2018-07-05
2018-11-28,27.32,2018-07-05
2018-11-29,27.32,2018-07-05
2018-11-30,27.32,2018-07-05
2018-12-01,27.32,2018-07-05
2018-12-02,27.32,2018-07-05
2018-12-03,27.32,2018-07-05
2018-12-04,27.32,2018-07-05
2018-12-05,27.32,2018-07-05
2018-12-06,27.32,2018-07-05
2018-12-07,27.32,2018-07-05
2018-12-08,27.32,2018-07-05
2018-12-09,27.32,2018-07-05
2018-12-10,27.32,2018-07-05
2018-12-11,27.32,2018-07-05
2018-12-12,27.32,2018-07-05
2018-12-13,27.32,2018-07-05
2018-12-14,27.32,2018-07-05
2018-12-15,27.32,2018-07-05
2018-12-16,27.32,2018-07-05
2018-12-17,27.32,2018-07-05
2018-12-18,27.32,2018-07-05
2018-12-19,27.32,2018-07-05
2018-12-20,27.32,2018-07-05
2018-12-21,27.32,2018-07-05
2018-12-22,27.32,2018-07-05
2018-12-23,27.32,2018-07-05
2018-12-24,27.32,2018-07-05
2018-12-25,27.32,2018-07-05
2018-12-26,27.32,2018-07-05
2018-12-27,27.32,2018-07-05
2018-12-28,27.32,2018-07-05
2018-12-29,27.32,2018-07-05
2018-12-30,27.32,2018-07-05
2018-12-31,27.32,2018-07-05
2019-01-01,27.32,2018-07-05
2019-01-02,27.32,2018-07-05
2019-01-03,27.32,2018-07-05
2019-01-04,27.32,2018-07-05
2019-01-05,27.32,2018-07-05
2019-01-06,27.32,2018-07-05
2019-01-07,27.32,2018-07-05
2019-01-08,27.32,2018-07-05
2019-01-09,27.32,2018-07-05
2019-01-10,27.32,2018-07-05
2019-01-11,27.32,2018-07-05
2019-01-12,27.32,2018-07-05
2019-01-13,27.32,2018-07-05
2019-01-14,27.32,2018-07-05
2019-01-15,27.32,2018-07-05
2019-01-16,27.32,2018-07-05
2019-01-17,27.32,2018-07-05
2019-01-18,27.32,2018-07-05
2019-01-19,27.32,2018-07-05
2019-01-20,27.32,2018-07-05
2019-01-21,27.32,2018-07-05
2019-01-22,27.32,2018-07-05
2019-01-23,27.32,2018-07-05
2019-01-24,27.32,2018-07-05
2019-01-25,27.32,2018-07-05
2019-01-26,27.32,2018-07-05
2019-01-27,27.32,2018-07-05
2019-01-28,27.32,2018-07-05
2019-01-29,27.32,2018-07-05
2019-01-30,27.32,2018-07-05
2019-01-31,27.32,2018-07-05
2019-02-01,27.32,2018-07-05
2019-02-02,27.32,2018-07-05
2019-02-03,27.32,2018-07-05
2019-02-04,27.32,2018-07-05
2019-02-05,27.32,2018-07-05
2019-02-06,27.32,2018-07-05
2019-02-07,27.32,2018-07-05
2019-02-08,27.32,2018-07-05
2019-02-09,27.32,2018-07-05
2019-02-10,27.32,2018-07-05
2019-02-11,27.32,2018-07-05
2019-02-12,27.32,2018-07-05
2019-02-13,27.32,2018-07-05
2019-02-14,27.32,2018-07-05
2019-02-15,27.32,2018-07-05
2019-02-16,27.32,2018-07-05
2019-02-17,27.32,2018-07-05
2019-02-18,27.32,2018-07-05
2019-02-19,27.32,2018-07-05
2019-02-20,27.32,2018-07-05
2019-02-21,27.32,2018-07-05
2019-02-22,27.32,2018-07-05
2019-02-23,27.32,2018-07-05
2019-02-24,27.32,2018-07-05
2019-02-25,27.32,2018-07-05
2019-02-26,27.32,2018-07-05
2019-02-27,27.32,2018-07-05
2019-02-28,27.32,2018-07-05
2019-03-01,27.32,2018-07-05
2019-03-02,27.32,2018-07-05
2019-03-03,27.32,2018-07-05
2019-03-04,27.32,2018-07-05
2019-03-05,27.32,2018-07-05
2019-03-06,27.32,2018-07-05
2019-03-07,27.32,2018-07-05
2019-03-08,27.32,2018-07-05
2019-03-09,27.32,2018-07-05
2019-03-10,27.32,2018-07-05
2019-03-11,27.32,2018-07-05
2019-03-12,27.32,2018-07-05
2019-03-13,27.32,2018-07-05
2019-03-14,27.32,2018-07-05
2019-03-15,27.32,2018-07-05
2019-03-16,27.32,2018-07-05
2019-03-17,27.32,2018-07-05
2019-03-18,27.32,2018-07-05
2019-03-19,27.32,2018-07-05
2019-03-20,27.32,2018-07-05
2019-03-21,27.32,2018-07-05
2019-03-22,27.32,2018-07-05
2019-03-23,27.32,2018-07-05
2019-03-24,27.32,2018-07-05
2019-03-25,27.32,2018-07-05
2019-03-26,27.32,2018-07-05
2019-03-27,27.32,2018-07-05
2019-03-28,27.32,2018-07-05
2019-03-29,27.32,2018-07-05
2019-03-30,27.32,2018-07-05
2019-03-31,27.32,2018-07-05
2019-04-01,27.32,2018-07-05
2019-04-02,27.32,2018-07-05
2019-04-03,27.32,2018-07-05
2019-04-04,27.32,2018-07-05
2019-04-05,27.32,2018-07-05
2019-04-06,27.32,2018-07-05
2019-04-07,27.32,2018-07-05
2019-04-08,27.32,2018-07-05
2019-04-09,27.32,2018-07-05
2019-04-10,27.32,2018-07-05
2019-04-11,27.32,2018-07-05
2019-04-12,27.32,2018-07-05
2019-04-13,27.32,2018-07-05
2019-04-14,27.32,2018-07-05
2019-04-15,27.32,2018-07-05
2019-04-16,27.32,2018-07-05
2019-04-17,27.32,2018-07-05
2019-04-18,27.32,2018-07-05
2019-04-19,27.32,2018-07-05
2019-04-20,27.32,2018-07-05
2019-04-21,27.32,2018-07-05
2019-04-22,27.32,2018-07-05
2019-04-23,27.32,2018-07-05
2019-04-24,27.32,2018-07-05
2019-04-25,27.32,2018-07-05
2019-04-26,27.32,2018-07-05
2019-04-27,27.32,2018-07-05
2019-04-28,27.32,2018-07-05
2019-04-29,27.32,2018-07-05
2019-04-30,27.32,2018-07-05
2019-05-01,27.32,2018-07-05
2019-05-02,27.32,2018-07-05
2019-05-03,27.32,2018-07-05
2019-05-04,27.32,2018-07-05
2019-05-05,27.32,2018-07-05
2019-05-06,27.32,2018-07-05
2019-05-07,27.32,2018-07-05
2019-05-08,27.32,2018-07-05
2019-05-09,27.32,2018-07-05
2019-05-10,27.32,2018-07-05
2019-05-11,27.32,2018-07-05
2019-05-12,27.32,2018-07-05
2019-05-13,27.32,2018-07-05
2019-05-14,27.32,2018-07-05
2019-05-15,27.32,2018-07-05
2019-05-16,27.32,2018-07-05
2019-05-17,27.32,2018-07-05
2019-05-18,27.32,2018-07-05
2019-05-19,27.32,2018-07-05
2019-05-20,27.32,2018-07-05
2019-05-21,27.32,2018-07-05
2019-05-22,27.32,2018-07-05
2019-05-23,27.32,2018-07-05
2019-05-24,27.32,2018-07-05
2019-05-25,27.32,2018-07-05
2019-05-26,27.32,2018-07-05
2019-05-27,27.32,2018-07-05
2019-05-28,27.32,2018-07-05
2019-05-29,27.32,2018-07-05
2019-05-30,27.32,2018-07-05
2019-05-31,27.32,2018-07-05
2019-06-01,27.32,2018-07-05
2019-06-02,27.32,2018-07-05
2019-06-03,27.32,2018-07-05
2019-06-04,27.32,2018-07-05
2019-06-05,27.32,2018-07-05
2019-06-06,27.32,2018-07-05
2019-06-07,27.32,2018-07-05
2019-06-08,27.32,2018-07-05
2019-06-09,27.32,2018-07-05
2019-06-10,27.32,2018-07-05
2019-06-11,27.32,2018-07-05
2019-06-12,27.32,2018-07-05
2019-06-13,27.32,2018-07-05
2019-06-14,27.32,2018-07-05
2019-06-15,27.32,2018-07-05
2019-06-16,27.32,2018-07-05
2019-06-17,27.32,2018-07-05
2019-06-18,27.32,2018-07-05
2019-06-19,27.32,2018-07-05
2019-06-20,27.32,2018-07-05
2019-06-21,27.32,2018-07-05
2019-06-22,27.32,2018-07-05
2019-06-23,27.32,2018-07-05
2019-06-24,27.32,2018-07-05
2019-06-25,27.32,2018-07-05
2019-06-26,27.32,2018-07-05
2019-06-27,27.32,2018-07-05
2019-06-28,27.32,2018-07-05
2019-06-29,27.32,2018-07-05
2019-06-30,27.32,2018-07-05
2019-07-01,27.32,2018-07-05
2019-07-02,27.32,2018-07-05
2019-07-03,27.32,2018-07-05
2019-07-04,27.32,2018-07-05
2019-07-05,27.32,2018-07-05
2019-07-06,27.32,2018-07-05
2019-07-07,27.32,2018-07-05
2019-07-08,27.32,2018-07-05
2019-07-09,27.32,2018-07-05
2019-07-10,27.32,2018-07-05
2019-07-11,27.32,2018-07-05
2019-07-12,27.32,2018-07-05
2019-07-13,27.32,2018-07-05
2019-07-14,27.32,2018-07-05
2019-07-15,27.32,2018-07-05
2019-07-16,27.32,2018-07-05
2019-07-17,27.32,2018-07-05
2019-07-18,27.32,2018-07-05
2019-07-19,27.32,2018-07-05
2019-07-20,27.32,2018-07-05
2019-07-21,27.32,2018-07-05
2019-07-22,27.32,2018-07-05
2019-07-23,27.32,2018-07-05
2019-07-24,27.32,2018-07-05
2019-07-25,27.32,2018-07-05
2019-07-26,27.32,2018-07-05
2019-07-27,27.32,2018-07-05
2019-07-28,27.32,2018-07-05
2019-07-29,27.32,2018-07-05
2019-07-30,27.32,2018-07-05
2019-07-31,27.32,2018-07-05
2019-08-01,27.32,2018-07-05
2019-08-02,27.32,2018-07-05
2019-08-03,27.32,2018-07-05
2019-08-04,27.32,2018-07-05
2019-08-05,27.32,2018-07-05
2019-08-06,27.32,2018-07-05
2019-08-07,27.32,2018-07-05
2019-08-08,27.32,2018-07-05
2019-08-09,27.32,2018-07-05
2019-08-10,27.32,2018-07-05
2019-08-11,27.32,2018-07-05
2019-08-12,27.32,2018-07-05
2019-08-13,27.32,2018-07-05
2019-08-14,27.32,2018-07-05
2019-08-15,27.32,2018-07-05
2019-08-16,27.32,2018-07-05
2019-08-17,27.32,2018-07-05
2019-08-18,27.32,2018-07-05
2019-08-19,27.32,2018-07-05
2019-08-20,27.32,2018-07-05
2019-08-21,27.32,2018-07-05
2019-08-22,27.32,2018-07-05
2019-08-23,27.32,2018-07-05
2019-08-24,27.32,2018-07-05
2019-08-25,27.32,2018-07-05
2019-08-26,27.32,2018-07-05
2019-08-27,27.32,2018-07-05
2019-08-28,27.32,2018-07-05
2019-08-29,27.32,2018-07-05
2019-08-30,27.32,2018-07-05
2019-08-31,27.32,2018-07-05
2019-09-01,27.32,2018-07-05
2019-09-02,27.32,2018-07-05
2019-09-03,27.32,2018-07-05
2019-09-04,27.32,2018-07-05
2019-09-05,27.32,2018-07-05
2019-09-06,27.32,2018-07-05
2019-09-07,27.32,2018-07-05
2019-09-08,27.32,2018-07-05
2019-09-09,27.32,2018-07-05
2019-09-10,27.32,2018-07-05
2019-09-11,27.32,2018-07-05
2019-09-12,27.32,2018-07-05
2019-09-13,27.32,2018-07-05
2019-09-14,27.32,2018-07-05
2019-09-15,27.32,2018-07-05
2019-09-16,27.32,2018-07-05
2019-09-17,27.32,2018-07-05
2019-09-18,27.32,2018-07-05
2019-09-19,27.32,2018-07-05
2019-09-20,27.32,2018-07-05
2019-09-21,27.32,2018-07-05
2019-09-22,27.32,2018-07-05
2019-09-23,27.32,2018-07-05
2019-09-24,27.32,2018-07-05
2019-09-25,27.32,2018-07-05
2019-09-26,27.32,2018-07-05
2019-09-27,27.32,2018-07-05
2019-09-28,27.32,2018-07-05
2019-09-29,27.32,2018-07-05
2019-09-30,27.32,2018-07-05
2019-10-01,27.32,2018-07-05
2019-10-02,27.32,2018-07-05
2019-10-03,27.32,2018-07-05
2019-10-04,27.32,2018-07-05
2019-10-05,27.32,2018-07-05
2019-10-06,27.32,2018-07-05
2019-10-07,27.32,2018-07-05
2019-10-08,27.32,2018-07-05
2019-10-09,27.32,2018-07-05
2019-10-10,27.32,2018-07-05
2019-10-11,27.32,2018-07-05
2019-10-12,27.32,2018-07-05
2019-10-13,27.32,2018-07-05
2019-10-14,27.32,2018-07-05
2019-10-15,27.32,2018-07-05
2019-10-16,27.32,2018-07-05
2019-10-17,27.32,2018-07-05
2019-10-18,27.32,2018-07-05
2019-10-19,27.32,2018-07-05
2019-10-20,27.32,2018-07-05
2019-10-21,27.32,2018-07-05
2019-10-22,27.32,2018-07-05
